sample_name	full_path	file_name	ext	size_bytes	likely_matrix	likely_barcodes	likely_features	likely_metadata	likely_object
"GSM4710689_PDAC_TISSUE_1"	"06_scRNA/01_raw_data/GSE155698/gsm_extracted/GSM4710689_PDAC_TISSUE_1/PDAC_TISSUE_1/filtered_feature_bc_matrix/barcodes.tsv.gz"	"barcodes.tsv.gz"	"gz"	9295	"NO"	"YES"	"NO"	"YES"	"NO"
"GSM4710689_PDAC_TISSUE_1"	"06_scRNA/01_raw_data/GSE155698/gsm_extracted/GSM4710689_PDAC_TISSUE_1/PDAC_TISSUE_1/filtered_feature_bc_matrix/features.tsv.gz"	"features.tsv.gz"	"gz"	310002	"NO"	"NO"	"YES"	"YES"	"NO"
"GSM4710689_PDAC_TISSUE_1"	"06_scRNA/01_raw_data/GSE155698/gsm_extracted/GSM4710689_PDAC_TISSUE_1/PDAC_TISSUE_1/filtered_feature_bc_matrix/matrix.mtx.gz"	"matrix.mtx.gz"	"gz"	17745044	"YES"	"NO"	"NO"	"NO"	"NO"
"GSM4710690_PDAC_TISSUE_2"	"06_scRNA/01_raw_data/GSE155698/gsm_extracted/GSM4710690_PDAC_TISSUE_2/PDAC_TISSUE_2/filtered_feature_bc_matrix/barcodes.tsv.gz"	"barcodes.tsv.gz"	"gz"	10125	"NO"	"YES"	"NO"	"YES"	"NO"
"GSM4710690_PDAC_TISSUE_2"	"06_scRNA/01_raw_data/GSE155698/gsm_extracted/GSM4710690_PDAC_TISSUE_2/PDAC_TISSUE_2/filtered_feature_bc_matrix/features.tsv.gz"	"features.tsv.gz"	"gz"	310002	"NO"	"NO"	"YES"	"YES"	"NO"
"GSM4710690_PDAC_TISSUE_2"	"06_scRNA/01_raw_data/GSE155698/gsm_extracted/GSM4710690_PDAC_TISSUE_2/PDAC_TISSUE_2/filtered_feature_bc_matrix/matrix.mtx.gz"	"matrix.mtx.gz"	"gz"	15611590	"YES"	"NO"	"NO"	"NO"	"NO"
"GSM4710691_PDAC_TISSUE_3"	"06_scRNA/01_raw_data/GSE155698/gsm_extracted/GSM4710691_PDAC_TISSUE_3/PDAC_TISSUE_3/filtered_feature_bc_matrix/barcodes.tsv.gz"	"barcodes.tsv.gz"	"gz"	14167	"NO"	"YES"	"NO"	"YES"	"NO"
"GSM4710691_PDAC_TISSUE_3"	"06_scRNA/01_raw_data/GSE155698/gsm_extracted/GSM4710691_PDAC_TISSUE_3/PDAC_TISSUE_3/filtered_feature_bc_matrix/features.tsv.gz"	"features.tsv.gz"	"gz"	310002	"NO"	"NO"	"YES"	"YES"	"NO"
"GSM4710691_PDAC_TISSUE_3"	"06_scRNA/01_raw_data/GSE155698/gsm_extracted/GSM4710691_PDAC_TISSUE_3/PDAC_TISSUE_3/filtered_feature_bc_matrix/matrix.mtx.gz"	"matrix.mtx.gz"	"gz"	26967562	"YES"	"NO"	"NO"	"NO"	"NO"
"GSM4710692_PDAC_TISSUE_4"	"06_scRNA/01_raw_data/GSE155698/gsm_extracted/GSM4710692_PDAC_TISSUE_4/PDAC_TISSUE_4/filtered_feature_bc_matrix/barcodes.tsv.gz"	"barcodes.tsv.gz"	"gz"	13663	"NO"	"YES"	"NO"	"YES"	"NO"
"GSM4710692_PDAC_TISSUE_4"	"06_scRNA/01_raw_data/GSE155698/gsm_extracted/GSM4710692_PDAC_TISSUE_4/PDAC_TISSUE_4/filtered_feature_bc_matrix/features.tsv.gz"	"features.tsv.gz"	"gz"	310002	"NO"	"NO"	"YES"	"YES"	"NO"
"GSM4710692_PDAC_TISSUE_4"	"06_scRNA/01_raw_data/GSE155698/gsm_extracted/GSM4710692_PDAC_TISSUE_4/PDAC_TISSUE_4/filtered_feature_bc_matrix/matrix.mtx.gz"	"matrix.mtx.gz"	"gz"	19548040	"YES"	"NO"	"NO"	"NO"	"NO"
"GSM4710693_PDAC_TISSUE_5"	"06_scRNA/01_raw_data/GSE155698/gsm_extracted/GSM4710693_PDAC_TISSUE_5/PDAC_TISSUE_5/filtered_feature_bc_matrix/barcodes.tsv.gz"	"barcodes.tsv.gz"	"gz"	10488	"NO"	"YES"	"NO"	"YES"	"NO"
"GSM4710693_PDAC_TISSUE_5"	"06_scRNA/01_raw_data/GSE155698/gsm_extracted/GSM4710693_PDAC_TISSUE_5/PDAC_TISSUE_5/filtered_feature_bc_matrix/features.tsv.gz"	"features.tsv.gz"	"gz"	310002	"NO"	"NO"	"YES"	"YES"	"NO"
"GSM4710693_PDAC_TISSUE_5"	"06_scRNA/01_raw_data/GSE155698/gsm_extracted/GSM4710693_PDAC_TISSUE_5/PDAC_TISSUE_5/filtered_feature_bc_matrix/matrix.mtx.gz"	"matrix.mtx.gz"	"gz"	17108805	"YES"	"NO"	"NO"	"NO"	"NO"
"GSM4710694_PDAC_TISSUE_6"	"06_scRNA/01_raw_data/GSE155698/gsm_extracted/GSM4710694_PDAC_TISSUE_6/PDAC_TISSUE_6/filtered_feature_bc_matrix/barcodes.tsv.gz"	"barcodes.tsv.gz"	"gz"	13006	"NO"	"YES"	"NO"	"YES"	"NO"
"GSM4710694_PDAC_TISSUE_6"	"06_scRNA/01_raw_data/GSE155698/gsm_extracted/GSM4710694_PDAC_TISSUE_6/PDAC_TISSUE_6/filtered_feature_bc_matrix/features.tsv.gz"	"features.tsv.gz"	"gz"	310002	"NO"	"NO"	"YES"	"YES"	"NO"
"GSM4710694_PDAC_TISSUE_6"	"06_scRNA/01_raw_data/GSE155698/gsm_extracted/GSM4710694_PDAC_TISSUE_6/PDAC_TISSUE_6/filtered_feature_bc_matrix/matrix.mtx.gz"	"matrix.mtx.gz"	"gz"	26357946	"YES"	"NO"	"NO"	"NO"	"NO"
"GSM4710695_PDAC_TISSUE_7"	"06_scRNA/01_raw_data/GSE155698/gsm_extracted/GSM4710695_PDAC_TISSUE_7/PDAC_TISSUE_7/filtered_feature_bc_matrix/barcodes.tsv.gz"	"barcodes.tsv.gz"	"gz"	40966	"NO"	"YES"	"NO"	"YES"	"NO"
"GSM4710695_PDAC_TISSUE_7"	"06_scRNA/01_raw_data/GSE155698/gsm_extracted/GSM4710695_PDAC_TISSUE_7/PDAC_TISSUE_7/filtered_feature_bc_matrix/features.tsv.gz"	"features.tsv.gz"	"gz"	310002	"NO"	"NO"	"YES"	"YES"	"NO"
"GSM4710695_PDAC_TISSUE_7"	"06_scRNA/01_raw_data/GSE155698/gsm_extracted/GSM4710695_PDAC_TISSUE_7/PDAC_TISSUE_7/filtered_feature_bc_matrix/matrix.mtx.gz"	"matrix.mtx.gz"	"gz"	74395905	"YES"	"NO"	"NO"	"NO"	"NO"
"GSM4710696_PDAC_TISSUE_8"	"06_scRNA/01_raw_data/GSE155698/gsm_extracted/GSM4710696_PDAC_TISSUE_8/PDAC_TISSUE_8/filtered_feature_bc_matrix/barcodes.tsv.gz"	"barcodes.tsv.gz"	"gz"	24638	"NO"	"YES"	"NO"	"YES"	"NO"
"GSM4710696_PDAC_TISSUE_8"	"06_scRNA/01_raw_data/GSE155698/gsm_extracted/GSM4710696_PDAC_TISSUE_8/PDAC_TISSUE_8/filtered_feature_bc_matrix/features.tsv.gz"	"features.tsv.gz"	"gz"	310002	"NO"	"NO"	"YES"	"YES"	"NO"
"GSM4710696_PDAC_TISSUE_8"	"06_scRNA/01_raw_data/GSE155698/gsm_extracted/GSM4710696_PDAC_TISSUE_8/PDAC_TISSUE_8/filtered_feature_bc_matrix/matrix.mtx.gz"	"matrix.mtx.gz"	"gz"	43643234	"YES"	"NO"	"NO"	"NO"	"NO"
"GSM4710697_PDAC_TISSUE_9"	"06_scRNA/01_raw_data/GSE155698/gsm_extracted/GSM4710697_PDAC_TISSUE_9/PDAC_TISSUE_9/filtered_feature_bc_matrix/barcodes.tsv.gz"	"barcodes.tsv.gz"	"gz"	23399	"NO"	"YES"	"NO"	"YES"	"NO"
"GSM4710697_PDAC_TISSUE_9"	"06_scRNA/01_raw_data/GSE155698/gsm_extracted/GSM4710697_PDAC_TISSUE_9/PDAC_TISSUE_9/filtered_feature_bc_matrix/features.tsv.gz"	"features.tsv.gz"	"gz"	310002	"NO"	"NO"	"YES"	"YES"	"NO"
"GSM4710697_PDAC_TISSUE_9"	"06_scRNA/01_raw_data/GSE155698/gsm_extracted/GSM4710697_PDAC_TISSUE_9/PDAC_TISSUE_9/filtered_feature_bc_matrix/matrix.mtx.gz"	"matrix.mtx.gz"	"gz"	22560479	"YES"	"NO"	"NO"	"NO"	"NO"
"GSM4710698_PDAC_TISSUE_10"	"06_scRNA/01_raw_data/GSE155698/gsm_extracted/GSM4710698_PDAC_TISSUE_10/PDAC_TISSUE_10/filtered_feature_bc_matrix/barcodes.tsv.gz"	"barcodes.tsv.gz"	"gz"	8363	"NO"	"YES"	"NO"	"YES"	"NO"
"GSM4710698_PDAC_TISSUE_10"	"06_scRNA/01_raw_data/GSE155698/gsm_extracted/GSM4710698_PDAC_TISSUE_10/PDAC_TISSUE_10/filtered_feature_bc_matrix/features.tsv.gz"	"features.tsv.gz"	"gz"	310002	"NO"	"NO"	"YES"	"YES"	"NO"
"GSM4710698_PDAC_TISSUE_10"	"06_scRNA/01_raw_data/GSE155698/gsm_extracted/GSM4710698_PDAC_TISSUE_10/PDAC_TISSUE_10/filtered_feature_bc_matrix/matrix.mtx.gz"	"matrix.mtx.gz"	"gz"	10007664	"YES"	"NO"	"NO"	"NO"	"NO"
"GSM4710699_PDAC_TISSUE_11A"	"06_scRNA/01_raw_data/GSE155698/gsm_extracted/GSM4710699_PDAC_TISSUE_11A/PDAC_TISSUE_11A/filtered_feature_bc_matrix/barcodes.tsv.gz"	"barcodes.tsv.gz"	"gz"	23284	"NO"	"YES"	"NO"	"YES"	"NO"
"GSM4710699_PDAC_TISSUE_11A"	"06_scRNA/01_raw_data/GSE155698/gsm_extracted/GSM4710699_PDAC_TISSUE_11A/PDAC_TISSUE_11A/filtered_feature_bc_matrix/features.tsv.gz"	"features.tsv.gz"	"gz"	310002	"NO"	"NO"	"YES"	"YES"	"NO"
"GSM4710699_PDAC_TISSUE_11A"	"06_scRNA/01_raw_data/GSE155698/gsm_extracted/GSM4710699_PDAC_TISSUE_11A/PDAC_TISSUE_11A/filtered_feature_bc_matrix/matrix.mtx.gz"	"matrix.mtx.gz"	"gz"	12397245	"YES"	"NO"	"NO"	"NO"	"NO"
"GSM4710700_PDAC_TISSUE_11B"	"06_scRNA/01_raw_data/GSE155698/gsm_extracted/GSM4710700_PDAC_TISSUE_11B/PDAC_TISSUE_11B/filtered_feature_bc_matrix/barcodes.tsv.gz"	"barcodes.tsv.gz"	"gz"	12825	"NO"	"YES"	"NO"	"YES"	"NO"
"GSM4710700_PDAC_TISSUE_11B"	"06_scRNA/01_raw_data/GSE155698/gsm_extracted/GSM4710700_PDAC_TISSUE_11B/PDAC_TISSUE_11B/filtered_feature_bc_matrix/features.tsv.gz"	"features.tsv.gz"	"gz"	310002	"NO"	"NO"	"YES"	"YES"	"NO"
"GSM4710700_PDAC_TISSUE_11B"	"06_scRNA/01_raw_data/GSE155698/gsm_extracted/GSM4710700_PDAC_TISSUE_11B/PDAC_TISSUE_11B/filtered_feature_bc_matrix/matrix.mtx.gz"	"matrix.mtx.gz"	"gz"	22642749	"YES"	"NO"	"NO"	"NO"	"NO"
"GSM4710701_PDAC_TISSUE_12"	"06_scRNA/01_raw_data/GSE155698/gsm_extracted/GSM4710701_PDAC_TISSUE_12/PDAC_TISSUE_12/filtered_feature_bc_matrix/barcodes.tsv.gz"	"barcodes.tsv.gz"	"gz"	9456	"NO"	"YES"	"NO"	"YES"	"NO"
"GSM4710701_PDAC_TISSUE_12"	"06_scRNA/01_raw_data/GSE155698/gsm_extracted/GSM4710701_PDAC_TISSUE_12/PDAC_TISSUE_12/filtered_feature_bc_matrix/features.tsv.gz"	"features.tsv.gz"	"gz"	310002	"NO"	"NO"	"YES"	"YES"	"NO"
"GSM4710701_PDAC_TISSUE_12"	"06_scRNA/01_raw_data/GSE155698/gsm_extracted/GSM4710701_PDAC_TISSUE_12/PDAC_TISSUE_12/filtered_feature_bc_matrix/matrix.mtx.gz"	"matrix.mtx.gz"	"gz"	13439657	"YES"	"NO"	"NO"	"NO"	"NO"
"GSM4710702_PDAC_TISSUE_13"	"06_scRNA/01_raw_data/GSE155698/gsm_extracted/GSM4710702_PDAC_TISSUE_13/PDAC_TISSUE_13/filtered_feature_bc_matrix/barcodes.tsv.gz"	"barcodes.tsv.gz"	"gz"	27067	"NO"	"YES"	"NO"	"YES"	"NO"
"GSM4710702_PDAC_TISSUE_13"	"06_scRNA/01_raw_data/GSE155698/gsm_extracted/GSM4710702_PDAC_TISSUE_13/PDAC_TISSUE_13/filtered_feature_bc_matrix/features.tsv.gz"	"features.tsv.gz"	"gz"	310002	"NO"	"NO"	"YES"	"YES"	"NO"
"GSM4710702_PDAC_TISSUE_13"	"06_scRNA/01_raw_data/GSE155698/gsm_extracted/GSM4710702_PDAC_TISSUE_13/PDAC_TISSUE_13/filtered_feature_bc_matrix/matrix.mtx.gz"	"matrix.mtx.gz"	"gz"	51194230	"YES"	"NO"	"NO"	"NO"	"NO"
"GSM4710703_PDAC_TISSUE_14"	"06_scRNA/01_raw_data/GSE155698/gsm_extracted/GSM4710703_PDAC_TISSUE_14/PDAC_TISSUE_14/filtered_feature_bc_matrix.h5"	"filtered_feature_bc_matrix.h5"	"h5"	3747170	"YES"	"NO"	"YES"	"NO"	"YES"
"GSM4710704_PDAC_TISSUE_15"	"06_scRNA/01_raw_data/GSE155698/gsm_extracted/GSM4710704_PDAC_TISSUE_15/PDAC_TISSUE_15/filtered_feature_bc_matrix/barcodes.tsv.gz"	"barcodes.tsv.gz"	"gz"	16924	"NO"	"YES"	"NO"	"YES"	"NO"
"GSM4710704_PDAC_TISSUE_15"	"06_scRNA/01_raw_data/GSE155698/gsm_extracted/GSM4710704_PDAC_TISSUE_15/PDAC_TISSUE_15/filtered_feature_bc_matrix/features.tsv.gz"	"features.tsv.gz"	"gz"	310002	"NO"	"NO"	"YES"	"YES"	"NO"
"GSM4710704_PDAC_TISSUE_15"	"06_scRNA/01_raw_data/GSE155698/gsm_extracted/GSM4710704_PDAC_TISSUE_15/PDAC_TISSUE_15/filtered_feature_bc_matrix/matrix.mtx.gz"	"matrix.mtx.gz"	"gz"	41995995	"YES"	"NO"	"NO"	"NO"	"NO"
"GSM4710705_PDAC_TISSUE_16"	"06_scRNA/01_raw_data/GSE155698/gsm_extracted/GSM4710705_PDAC_TISSUE_16/PDAC_TISSUE_16/filtered_gene_bc_matrices_h5.h5"	"filtered_gene_bc_matrices_h5.h5"	"h5"	5353374	"NO"	"NO"	"YES"	"NO"	"YES"
"GSM4710705_PDAC_TISSUE_16"	"06_scRNA/01_raw_data/GSE155698/gsm_extracted/GSM4710705_PDAC_TISSUE_16/PDAC_TISSUE_16/filtered_gene_bc_matrices/barcodes.tsv"	"barcodes.tsv"	"tsv"	18278	"NO"	"YES"	"NO"	"YES"	"NO"
"GSM4710705_PDAC_TISSUE_16"	"06_scRNA/01_raw_data/GSE155698/gsm_extracted/GSM4710705_PDAC_TISSUE_16/PDAC_TISSUE_16/filtered_gene_bc_matrices/genes.tsv"	"genes.tsv"	"tsv"	816952	"NO"	"NO"	"YES"	"YES"	"NO"
"GSM4710705_PDAC_TISSUE_16"	"06_scRNA/01_raw_data/GSE155698/gsm_extracted/GSM4710705_PDAC_TISSUE_16/PDAC_TISSUE_16/filtered_gene_bc_matrices/matrix.mtx"	"matrix.mtx"	"mtx"	37298930	"YES"	"NO"	"NO"	"NO"	"NO"
"GSM4710706_AdjNorm_TISSUE_1"	"06_scRNA/01_raw_data/GSE155698/gsm_extracted/GSM4710706_AdjNorm_TISSUE_1/AdjNorm_TISSUE_1/filtered_feature_bc_matrix/barcodes.tsv.gz"	"barcodes.tsv.gz"	"gz"	26424	"NO"	"YES"	"NO"	"YES"	"NO"
"GSM4710706_AdjNorm_TISSUE_1"	"06_scRNA/01_raw_data/GSE155698/gsm_extracted/GSM4710706_AdjNorm_TISSUE_1/AdjNorm_TISSUE_1/filtered_feature_bc_matrix/features.tsv.gz"	"features.tsv.gz"	"gz"	310002	"NO"	"NO"	"YES"	"YES"	"NO"
"GSM4710706_AdjNorm_TISSUE_1"	"06_scRNA/01_raw_data/GSE155698/gsm_extracted/GSM4710706_AdjNorm_TISSUE_1/AdjNorm_TISSUE_1/filtered_feature_bc_matrix/matrix.mtx.gz"	"matrix.mtx.gz"	"gz"	30324810	"YES"	"NO"	"NO"	"NO"	"NO"
"GSM4710707_AdjNorm_TISSUE_2"	"06_scRNA/01_raw_data/GSE155698/gsm_extracted/GSM4710707_AdjNorm_TISSUE_2/AdjNorm_TISSUE_2/filtered_feature_bc_matrix/barcodes.tsv.gz"	"barcodes.tsv.gz"	"gz"	19408	"NO"	"YES"	"NO"	"YES"	"NO"
"GSM4710707_AdjNorm_TISSUE_2"	"06_scRNA/01_raw_data/GSE155698/gsm_extracted/GSM4710707_AdjNorm_TISSUE_2/AdjNorm_TISSUE_2/filtered_feature_bc_matrix/features.tsv.gz"	"features.tsv.gz"	"gz"	310002	"NO"	"NO"	"YES"	"YES"	"NO"
"GSM4710707_AdjNorm_TISSUE_2"	"06_scRNA/01_raw_data/GSE155698/gsm_extracted/GSM4710707_AdjNorm_TISSUE_2/AdjNorm_TISSUE_2/filtered_feature_bc_matrix/matrix.mtx.gz"	"matrix.mtx.gz"	"gz"	18168253	"YES"	"NO"	"NO"	"NO"	"NO"
"GSM4710708_AdjNorm_TISSUE_3"	"06_scRNA/01_raw_data/GSE155698/gsm_extracted/GSM4710708_AdjNorm_TISSUE_3/AdjNorm_TISSUE_3/filtered_feature_bc_matrix/barcodes.tsv.gz"	"barcodes.tsv.gz"	"gz"	12992	"NO"	"YES"	"NO"	"YES"	"NO"
"GSM4710708_AdjNorm_TISSUE_3"	"06_scRNA/01_raw_data/GSE155698/gsm_extracted/GSM4710708_AdjNorm_TISSUE_3/AdjNorm_TISSUE_3/filtered_feature_bc_matrix/features.tsv.gz"	"features.tsv.gz"	"gz"	310002	"NO"	"NO"	"YES"	"YES"	"NO"
"GSM4710708_AdjNorm_TISSUE_3"	"06_scRNA/01_raw_data/GSE155698/gsm_extracted/GSM4710708_AdjNorm_TISSUE_3/AdjNorm_TISSUE_3/filtered_feature_bc_matrix/matrix.mtx.gz"	"matrix.mtx.gz"	"gz"	10194531	"YES"	"NO"	"NO"	"NO"	"NO"
"GSM4710709_PDAC_PBMC_1"	"06_scRNA/01_raw_data/GSE155698/gsm_extracted/GSM4710709_PDAC_PBMC_1/PDAC_PBMC_1/filtered_feature_bc_matrix/barcodes.tsv.gz"	"barcodes.tsv.gz"	"gz"	14725	"NO"	"YES"	"NO"	"YES"	"NO"
"GSM4710709_PDAC_PBMC_1"	"06_scRNA/01_raw_data/GSE155698/gsm_extracted/GSM4710709_PDAC_PBMC_1/PDAC_PBMC_1/filtered_feature_bc_matrix/features.tsv.gz"	"features.tsv.gz"	"gz"	310002	"NO"	"NO"	"YES"	"YES"	"NO"
"GSM4710709_PDAC_PBMC_1"	"06_scRNA/01_raw_data/GSE155698/gsm_extracted/GSM4710709_PDAC_PBMC_1/PDAC_PBMC_1/filtered_feature_bc_matrix/matrix.mtx.gz"	"matrix.mtx.gz"	"gz"	13853264	"YES"	"NO"	"NO"	"NO"	"NO"
"GSM4710710_PDAC_PBMC_2"	"06_scRNA/01_raw_data/GSE155698/gsm_extracted/GSM4710710_PDAC_PBMC_2/PDAC_PBMC_2/filtered_feature_bc_matrix/barcodes.tsv.gz"	"barcodes.tsv.gz"	"gz"	18493	"NO"	"YES"	"NO"	"YES"	"NO"
"GSM4710710_PDAC_PBMC_2"	"06_scRNA/01_raw_data/GSE155698/gsm_extracted/GSM4710710_PDAC_PBMC_2/PDAC_PBMC_2/filtered_feature_bc_matrix/features.tsv.gz"	"features.tsv.gz"	"gz"	310002	"NO"	"NO"	"YES"	"YES"	"NO"
"GSM4710710_PDAC_PBMC_2"	"06_scRNA/01_raw_data/GSE155698/gsm_extracted/GSM4710710_PDAC_PBMC_2/PDAC_PBMC_2/filtered_feature_bc_matrix/matrix.mtx.gz"	"matrix.mtx.gz"	"gz"	16432382	"YES"	"NO"	"NO"	"NO"	"NO"
"GSM4710711_PDAC_PBMC_3"	"06_scRNA/01_raw_data/GSE155698/gsm_extracted/GSM4710711_PDAC_PBMC_3/PDAC_PBMC_3/filtered_feature_bc_matrix/barcodes.tsv.gz"	"barcodes.tsv.gz"	"gz"	19075	"NO"	"YES"	"NO"	"YES"	"NO"
"GSM4710711_PDAC_PBMC_3"	"06_scRNA/01_raw_data/GSE155698/gsm_extracted/GSM4710711_PDAC_PBMC_3/PDAC_PBMC_3/filtered_feature_bc_matrix/features.tsv.gz"	"features.tsv.gz"	"gz"	310002	"NO"	"NO"	"YES"	"YES"	"NO"
"GSM4710711_PDAC_PBMC_3"	"06_scRNA/01_raw_data/GSE155698/gsm_extracted/GSM4710711_PDAC_PBMC_3/PDAC_PBMC_3/filtered_feature_bc_matrix/matrix.mtx.gz"	"matrix.mtx.gz"	"gz"	20758902	"YES"	"NO"	"NO"	"NO"	"NO"
"GSM4710712_PDAC_PBMC_4"	"06_scRNA/01_raw_data/GSE155698/gsm_extracted/GSM4710712_PDAC_PBMC_4/PDAC_PBMC_4/filtered_feature_bc_matrix/barcodes.tsv.gz"	"barcodes.tsv.gz"	"gz"	29626	"NO"	"YES"	"NO"	"YES"	"NO"
"GSM4710712_PDAC_PBMC_4"	"06_scRNA/01_raw_data/GSE155698/gsm_extracted/GSM4710712_PDAC_PBMC_4/PDAC_PBMC_4/filtered_feature_bc_matrix/features.tsv.gz"	"features.tsv.gz"	"gz"	310002	"NO"	"NO"	"YES"	"YES"	"NO"
"GSM4710712_PDAC_PBMC_4"	"06_scRNA/01_raw_data/GSE155698/gsm_extracted/GSM4710712_PDAC_PBMC_4/PDAC_PBMC_4/filtered_feature_bc_matrix/matrix.mtx.gz"	"matrix.mtx.gz"	"gz"	24745791	"YES"	"NO"	"NO"	"NO"	"NO"
"GSM4710713_PDAC_PBMC_5"	"06_scRNA/01_raw_data/GSE155698/gsm_extracted/GSM4710713_PDAC_PBMC_5/PDAC_PBMC_5/filtered_feature_bc_matrix/barcodes.tsv.gz"	"barcodes.tsv.gz"	"gz"	24893	"NO"	"YES"	"NO"	"YES"	"NO"
"GSM4710713_PDAC_PBMC_5"	"06_scRNA/01_raw_data/GSE155698/gsm_extracted/GSM4710713_PDAC_PBMC_5/PDAC_PBMC_5/filtered_feature_bc_matrix/features.tsv.gz"	"features.tsv.gz"	"gz"	310002	"NO"	"NO"	"YES"	"YES"	"NO"
"GSM4710713_PDAC_PBMC_5"	"06_scRNA/01_raw_data/GSE155698/gsm_extracted/GSM4710713_PDAC_PBMC_5/PDAC_PBMC_5/filtered_feature_bc_matrix/matrix.mtx.gz"	"matrix.mtx.gz"	"gz"	21305534	"YES"	"NO"	"NO"	"NO"	"NO"
"GSM4710714_PDAC_PBMC_6"	"06_scRNA/01_raw_data/GSE155698/gsm_extracted/GSM4710714_PDAC_PBMC_6/PDAC_PBMC_6/filtered_feature_bc_matrix/barcodes.tsv.gz"	"barcodes.tsv.gz"	"gz"	18292	"NO"	"YES"	"NO"	"YES"	"NO"
"GSM4710714_PDAC_PBMC_6"	"06_scRNA/01_raw_data/GSE155698/gsm_extracted/GSM4710714_PDAC_PBMC_6/PDAC_PBMC_6/filtered_feature_bc_matrix/features.tsv.gz"	"features.tsv.gz"	"gz"	310002	"NO"	"NO"	"YES"	"YES"	"NO"
"GSM4710714_PDAC_PBMC_6"	"06_scRNA/01_raw_data/GSE155698/gsm_extracted/GSM4710714_PDAC_PBMC_6/PDAC_PBMC_6/filtered_feature_bc_matrix/matrix.mtx.gz"	"matrix.mtx.gz"	"gz"	16826395	"YES"	"NO"	"NO"	"NO"	"NO"
"GSM4710715_PDAC_PBMC_7"	"06_scRNA/01_raw_data/GSE155698/gsm_extracted/GSM4710715_PDAC_PBMC_7/PDAC_PBMC_7/filtered_feature_bc_matrix/barcodes.tsv.gz"	"barcodes.tsv.gz"	"gz"	24589	"NO"	"YES"	"NO"	"YES"	"NO"
"GSM4710715_PDAC_PBMC_7"	"06_scRNA/01_raw_data/GSE155698/gsm_extracted/GSM4710715_PDAC_PBMC_7/PDAC_PBMC_7/filtered_feature_bc_matrix/features.tsv.gz"	"features.tsv.gz"	"gz"	310002	"NO"	"NO"	"YES"	"YES"	"NO"
"GSM4710715_PDAC_PBMC_7"	"06_scRNA/01_raw_data/GSE155698/gsm_extracted/GSM4710715_PDAC_PBMC_7/PDAC_PBMC_7/filtered_feature_bc_matrix/matrix.mtx.gz"	"matrix.mtx.gz"	"gz"	30272885	"YES"	"NO"	"NO"	"NO"	"NO"
"GSM4710716_PDAC_PBMC_8"	"06_scRNA/01_raw_data/GSE155698/gsm_extracted/GSM4710716_PDAC_PBMC_8/PDAC_PBMC_8/filtered_feature_bc_matrix/barcodes.tsv.gz"	"barcodes.tsv.gz"	"gz"	30169	"NO"	"YES"	"NO"	"YES"	"NO"
"GSM4710716_PDAC_PBMC_8"	"06_scRNA/01_raw_data/GSE155698/gsm_extracted/GSM4710716_PDAC_PBMC_8/PDAC_PBMC_8/filtered_feature_bc_matrix/features.tsv.gz"	"features.tsv.gz"	"gz"	310002	"NO"	"NO"	"YES"	"YES"	"NO"
"GSM4710716_PDAC_PBMC_8"	"06_scRNA/01_raw_data/GSE155698/gsm_extracted/GSM4710716_PDAC_PBMC_8/PDAC_PBMC_8/filtered_feature_bc_matrix/matrix.mtx.gz"	"matrix.mtx.gz"	"gz"	23378053	"YES"	"NO"	"NO"	"NO"	"NO"
"GSM4710717_PDAC_PBMC_9"	"06_scRNA/01_raw_data/GSE155698/gsm_extracted/GSM4710717_PDAC_PBMC_9/PDAC_PBMC_9/filtered_feature_bc_matrix/barcodes.tsv.gz"	"barcodes.tsv.gz"	"gz"	21116	"NO"	"YES"	"NO"	"YES"	"NO"
"GSM4710717_PDAC_PBMC_9"	"06_scRNA/01_raw_data/GSE155698/gsm_extracted/GSM4710717_PDAC_PBMC_9/PDAC_PBMC_9/filtered_feature_bc_matrix/features.tsv.gz"	"features.tsv.gz"	"gz"	310002	"NO"	"NO"	"YES"	"YES"	"NO"
"GSM4710717_PDAC_PBMC_9"	"06_scRNA/01_raw_data/GSE155698/gsm_extracted/GSM4710717_PDAC_PBMC_9/PDAC_PBMC_9/filtered_feature_bc_matrix/matrix.mtx.gz"	"matrix.mtx.gz"	"gz"	21219239	"YES"	"NO"	"NO"	"NO"	"NO"
"GSM4710718_PDAC_PBMC_10A"	"06_scRNA/01_raw_data/GSE155698/gsm_extracted/GSM4710718_PDAC_PBMC_10A/PDAC_PBMC_10A/filtered_feature_bc_matrix/barcodes.tsv.gz"	"barcodes.tsv.gz"	"gz"	31401	"NO"	"YES"	"NO"	"YES"	"NO"
"GSM4710718_PDAC_PBMC_10A"	"06_scRNA/01_raw_data/GSE155698/gsm_extracted/GSM4710718_PDAC_PBMC_10A/PDAC_PBMC_10A/filtered_feature_bc_matrix/features.tsv.gz"	"features.tsv.gz"	"gz"	310002	"NO"	"NO"	"YES"	"YES"	"NO"
"GSM4710718_PDAC_PBMC_10A"	"06_scRNA/01_raw_data/GSE155698/gsm_extracted/GSM4710718_PDAC_PBMC_10A/PDAC_PBMC_10A/filtered_feature_bc_matrix/matrix.mtx.gz"	"matrix.mtx.gz"	"gz"	22680401	"YES"	"NO"	"NO"	"NO"	"NO"
"GSM4710719_PDAC_PBMC_10B"	"06_scRNA/01_raw_data/GSE155698/gsm_extracted/GSM4710719_PDAC_PBMC_10B/PDAC_PBMC_10B/filtered_feature_bc_matrix/barcodes.tsv.gz"	"barcodes.tsv.gz"	"gz"	4246	"NO"	"YES"	"NO"	"YES"	"NO"
"GSM4710719_PDAC_PBMC_10B"	"06_scRNA/01_raw_data/GSE155698/gsm_extracted/GSM4710719_PDAC_PBMC_10B/PDAC_PBMC_10B/filtered_feature_bc_matrix/features.tsv.gz"	"features.tsv.gz"	"gz"	310002	"NO"	"NO"	"YES"	"YES"	"NO"
"GSM4710719_PDAC_PBMC_10B"	"06_scRNA/01_raw_data/GSE155698/gsm_extracted/GSM4710719_PDAC_PBMC_10B/PDAC_PBMC_10B/filtered_feature_bc_matrix/matrix.mtx.gz"	"matrix.mtx.gz"	"gz"	4893685	"YES"	"NO"	"NO"	"NO"	"NO"
"GSM4710720_PDAC_PBMC_11"	"06_scRNA/01_raw_data/GSE155698/gsm_extracted/GSM4710720_PDAC_PBMC_11/PDAC_PBMC_11/filtered_feature_bc_matrix/barcodes.tsv.gz"	"barcodes.tsv.gz"	"gz"	12968	"NO"	"YES"	"NO"	"YES"	"NO"
"GSM4710720_PDAC_PBMC_11"	"06_scRNA/01_raw_data/GSE155698/gsm_extracted/GSM4710720_PDAC_PBMC_11/PDAC_PBMC_11/filtered_feature_bc_matrix/features.tsv.gz"	"features.tsv.gz"	"gz"	310002	"NO"	"NO"	"YES"	"YES"	"NO"
"GSM4710720_PDAC_PBMC_11"	"06_scRNA/01_raw_data/GSE155698/gsm_extracted/GSM4710720_PDAC_PBMC_11/PDAC_PBMC_11/filtered_feature_bc_matrix/matrix.mtx.gz"	"matrix.mtx.gz"	"gz"	12722218	"YES"	"NO"	"NO"	"NO"	"NO"
"GSM4710721_PDAC_PBMC_12"	"06_scRNA/01_raw_data/GSE155698/gsm_extracted/GSM4710721_PDAC_PBMC_12/PDAC_PBMC_12/filtered_feature_bc_matrix/barcodes.tsv.gz"	"barcodes.tsv.gz"	"gz"	15480	"NO"	"YES"	"NO"	"YES"	"NO"
"GSM4710721_PDAC_PBMC_12"	"06_scRNA/01_raw_data/GSE155698/gsm_extracted/GSM4710721_PDAC_PBMC_12/PDAC_PBMC_12/filtered_feature_bc_matrix/features.tsv.gz"	"features.tsv.gz"	"gz"	310002	"NO"	"NO"	"YES"	"YES"	"NO"
"GSM4710721_PDAC_PBMC_12"	"06_scRNA/01_raw_data/GSE155698/gsm_extracted/GSM4710721_PDAC_PBMC_12/PDAC_PBMC_12/filtered_feature_bc_matrix/matrix.mtx.gz"	"matrix.mtx.gz"	"gz"	20523754	"YES"	"NO"	"NO"	"NO"	"NO"
"GSM4710722_PDAC_PBMC_13"	"06_scRNA/01_raw_data/GSE155698/gsm_extracted/GSM4710722_PDAC_PBMC_13/PDAC_PBMC_13/filtered_feature_bc_matrix/barcodes.tsv"	"barcodes.tsv"	"tsv"	20368	"NO"	"YES"	"NO"	"YES"	"NO"
"GSM4710722_PDAC_PBMC_13"	"06_scRNA/01_raw_data/GSE155698/gsm_extracted/GSM4710722_PDAC_PBMC_13/PDAC_PBMC_13/filtered_feature_bc_matrix/barcodes.tsv.gz"	"barcodes.tsv.gz"	"gz"	6203	"NO"	"YES"	"NO"	"YES"	"NO"
"GSM4710722_PDAC_PBMC_13"	"06_scRNA/01_raw_data/GSE155698/gsm_extracted/GSM4710722_PDAC_PBMC_13/PDAC_PBMC_13/filtered_feature_bc_matrix/features.tsv.gz"	"features.tsv.gz"	"gz"	310002	"NO"	"NO"	"YES"	"YES"	"NO"
"GSM4710722_PDAC_PBMC_13"	"06_scRNA/01_raw_data/GSE155698/gsm_extracted/GSM4710722_PDAC_PBMC_13/PDAC_PBMC_13/filtered_feature_bc_matrix/genes.tsv"	"genes.tsv"	"tsv"	1340760	"NO"	"NO"	"YES"	"YES"	"NO"
"GSM4710722_PDAC_PBMC_13"	"06_scRNA/01_raw_data/GSE155698/gsm_extracted/GSM4710722_PDAC_PBMC_13/PDAC_PBMC_13/filtered_feature_bc_matrix/matrix.mtx"	"matrix.mtx"	"mtx"	25342111	"YES"	"NO"	"NO"	"NO"	"NO"
"GSM4710722_PDAC_PBMC_13"	"06_scRNA/01_raw_data/GSE155698/gsm_extracted/GSM4710722_PDAC_PBMC_13/PDAC_PBMC_13/filtered_feature_bc_matrix/matrix.mtx.gz"	"matrix.mtx.gz"	"gz"	8005823	"YES"	"NO"	"NO"	"NO"	"NO"
"GSM4710723_PDAC_PBMC_14"	"06_scRNA/01_raw_data/GSE155698/gsm_extracted/GSM4710723_PDAC_PBMC_14/PDAC_PBMC_14/filtered_feature_bc_matrix/barcodes.tsv.gz"	"barcodes.tsv.gz"	"gz"	39178	"NO"	"YES"	"NO"	"YES"	"NO"
"GSM4710723_PDAC_PBMC_14"	"06_scRNA/01_raw_data/GSE155698/gsm_extracted/GSM4710723_PDAC_PBMC_14/PDAC_PBMC_14/filtered_feature_bc_matrix/features.tsv.gz"	"features.tsv.gz"	"gz"	310002	"NO"	"NO"	"YES"	"YES"	"NO"
"GSM4710723_PDAC_PBMC_14"	"06_scRNA/01_raw_data/GSE155698/gsm_extracted/GSM4710723_PDAC_PBMC_14/PDAC_PBMC_14/filtered_feature_bc_matrix/matrix.mtx.gz"	"matrix.mtx.gz"	"gz"	21405603	"YES"	"NO"	"NO"	"NO"	"NO"
"GSM4710724_PDAC_PBMC_15"	"06_scRNA/01_raw_data/GSE155698/gsm_extracted/GSM4710724_PDAC_PBMC_15/PDAC_PBMC_15/filtered_feature_bc_matrix/barcodes.tsv.gz"	"barcodes.tsv.gz"	"gz"	19756	"NO"	"YES"	"NO"	"YES"	"NO"
"GSM4710724_PDAC_PBMC_15"	"06_scRNA/01_raw_data/GSE155698/gsm_extracted/GSM4710724_PDAC_PBMC_15/PDAC_PBMC_15/filtered_feature_bc_matrix/features.tsv.gz"	"features.tsv.gz"	"gz"	310002	"NO"	"NO"	"YES"	"YES"	"NO"
"GSM4710724_PDAC_PBMC_15"	"06_scRNA/01_raw_data/GSE155698/gsm_extracted/GSM4710724_PDAC_PBMC_15/PDAC_PBMC_15/filtered_feature_bc_matrix/matrix.mtx.gz"	"matrix.mtx.gz"	"gz"	21118344	"YES"	"NO"	"NO"	"NO"	"NO"
"GSM4710725_PDAC_PBMC_16"	"06_scRNA/01_raw_data/GSE155698/gsm_extracted/GSM4710725_PDAC_PBMC_16/PDAC_PBMC_16/filtered_gene_bc_matrix/barcodes.tsv"	"barcodes.tsv"	"tsv"	80598	"NO"	"YES"	"NO"	"YES"	"NO"
"GSM4710725_PDAC_PBMC_16"	"06_scRNA/01_raw_data/GSE155698/gsm_extracted/GSM4710725_PDAC_PBMC_16/PDAC_PBMC_16/filtered_gene_bc_matrix/genes.tsv"	"genes.tsv"	"tsv"	816952	"NO"	"NO"	"YES"	"YES"	"NO"
"GSM4710725_PDAC_PBMC_16"	"06_scRNA/01_raw_data/GSE155698/gsm_extracted/GSM4710725_PDAC_PBMC_16/PDAC_PBMC_16/filtered_gene_bc_matrix/matrix.mtx"	"matrix.mtx"	"mtx"	57868391	"YES"	"NO"	"NO"	"NO"	"NO"
"GSM4710726_Healthy_PBMC_1"	"06_scRNA/01_raw_data/GSE155698/gsm_extracted/GSM4710726_Healthy_PBMC_1/Healthy_PBMC_1/filtered_feature_bc_matrix/barcodes.tsv.gz"	"barcodes.tsv.gz"	"gz"	19998	"NO"	"YES"	"NO"	"YES"	"NO"
"GSM4710726_Healthy_PBMC_1"	"06_scRNA/01_raw_data/GSE155698/gsm_extracted/GSM4710726_Healthy_PBMC_1/Healthy_PBMC_1/filtered_feature_bc_matrix/features.tsv.gz"	"features.tsv.gz"	"gz"	310002	"NO"	"NO"	"YES"	"YES"	"NO"
"GSM4710726_Healthy_PBMC_1"	"06_scRNA/01_raw_data/GSE155698/gsm_extracted/GSM4710726_Healthy_PBMC_1/Healthy_PBMC_1/filtered_feature_bc_matrix/matrix.mtx.gz"	"matrix.mtx.gz"	"gz"	23389062	"YES"	"NO"	"NO"	"NO"	"NO"
"GSM4710727_Healthy_PBMC_2"	"06_scRNA/01_raw_data/GSE155698/gsm_extracted/GSM4710727_Healthy_PBMC_2/Healthy_PBMC_2/filtered_feature_bc_matrix/barcodes.tsv.gz"	"barcodes.tsv.gz"	"gz"	14769	"NO"	"YES"	"NO"	"YES"	"NO"
"GSM4710727_Healthy_PBMC_2"	"06_scRNA/01_raw_data/GSE155698/gsm_extracted/GSM4710727_Healthy_PBMC_2/Healthy_PBMC_2/filtered_feature_bc_matrix/features.tsv.gz"	"features.tsv.gz"	"gz"	310002	"NO"	"NO"	"YES"	"YES"	"NO"
"GSM4710727_Healthy_PBMC_2"	"06_scRNA/01_raw_data/GSE155698/gsm_extracted/GSM4710727_Healthy_PBMC_2/Healthy_PBMC_2/filtered_feature_bc_matrix/matrix.mtx.gz"	"matrix.mtx.gz"	"gz"	17968226	"YES"	"NO"	"NO"	"NO"	"NO"
"GSM4710728_Healthy_PBMC_3"	"06_scRNA/01_raw_data/GSE155698/gsm_extracted/GSM4710728_Healthy_PBMC_3/Healthy_PBMC_3/filtered_feature_bc_matrix/barcodes.tsv.gz"	"barcodes.tsv.gz"	"gz"	34143	"NO"	"YES"	"NO"	"YES"	"NO"
"GSM4710728_Healthy_PBMC_3"	"06_scRNA/01_raw_data/GSE155698/gsm_extracted/GSM4710728_Healthy_PBMC_3/Healthy_PBMC_3/filtered_feature_bc_matrix/features.tsv.gz"	"features.tsv.gz"	"gz"	310002	"NO"	"NO"	"YES"	"YES"	"NO"
"GSM4710728_Healthy_PBMC_3"	"06_scRNA/01_raw_data/GSE155698/gsm_extracted/GSM4710728_Healthy_PBMC_3/Healthy_PBMC_3/filtered_feature_bc_matrix/matrix.mtx.gz"	"matrix.mtx.gz"	"gz"	40780495	"YES"	"NO"	"NO"	"NO"	"NO"
"GSM4710729_Healthy_PBMC_4"	"06_scRNA/01_raw_data/GSE155698/gsm_extracted/GSM4710729_Healthy_PBMC_4/Healthy_PBMC_4/filtered_feature_bc_matrix/barcodes.tsv.gz"	"barcodes.tsv.gz"	"gz"	18157	"NO"	"YES"	"NO"	"YES"	"NO"
"GSM4710729_Healthy_PBMC_4"	"06_scRNA/01_raw_data/GSE155698/gsm_extracted/GSM4710729_Healthy_PBMC_4/Healthy_PBMC_4/filtered_feature_bc_matrix/features.tsv.gz"	"features.tsv.gz"	"gz"	310002	"NO"	"NO"	"YES"	"YES"	"NO"
"GSM4710729_Healthy_PBMC_4"	"06_scRNA/01_raw_data/GSE155698/gsm_extracted/GSM4710729_Healthy_PBMC_4/Healthy_PBMC_4/filtered_feature_bc_matrix/matrix.mtx.gz"	"matrix.mtx.gz"	"gz"	10660702	"YES"	"NO"	"NO"	"NO"	"NO"
